<?xml version="1.0"?>
<opencv_storage>
<lion_classifier type_id="opencv-haar-classifier">
  <size>
    24 24</size>
  <stages>
    <_>
      <trees>
        <_>
          <_>
            <feature>
              <rects>
                <_>
                  0 0 24 18 -1.</_>
                <_>
                  0 9 24 9 2.</_></rects>
              <tilted>0</tilted></feature>
            <threshold>-0.1243873015046120</threshold>
            <left_val>-1.</left_val>
            <right_val>0.9999995231628418</right_val></_></_></trees>
      <stage_threshold>0.9999995231628418</stage_threshold>
      <parent>-1</parent>
      <next>-1</next></_>
    <_>
      <trees>
        <_>
          <_>
            <feature>
              <rects>
                <_>
                  5 0 11 8 -1.</_>
                <_>
                  5 4 11 4 2.</_></rects>
              <tilted>0</tilted></feature>
            <threshold>0.0106289302930236</threshold>
            <left_val>-1.</left_val>
            <right_val>0.9999995231628418</right_val></_></_></trees>
      <stage_threshold>0.9999995231628418</stage_threshold>
      <parent>0</parent>
      <next>-1</next></_>
    <_>
      <trees>
        <_>
          <_>
            <feature>
              <rects>
                <_>
                  8 13 6 2 -1.</_>
                <_>
                  10 13 2 2 3.</_></rects>
              <tilted>0</tilted></feature>
            <threshold>-1.5607300447300076e-003</threshold>
            <left_val>1.</left_val>
            <right_val>-0.9999995231628418</right_val></_></_></trees>
      <stage_threshold>1.</stage_threshold>
      <parent>1</parent>
      <next>-1</next></_>
    <_>
      <trees>
        <_>
          <_>
            <feature>
              <rects>
                <_>
                  12 0 6 8 -1.</_>
                <_>
                  14 2 2 8 3.</_></rects>
              <tilted>1</tilted></feature>
            <threshold>-2.0766470115631819e-003</threshold>
            <left_val>-1.</left_val>
            <right_val>0.9999995231628418</right_val></_></_></trees>
      <stage_threshold>0.9999995231628418</stage_threshold>
      <parent>2</parent>
      <next>-1</next></_>
    <_>
      <trees>
        <_>
          <_>
            <feature>
              <rects>
                <_>
                  5 1 4 4 -1.</_>
                <_>
                  7 1 2 4 2.</_></rects>
              <tilted>0</tilted></feature>
            <threshold>4.0798718691803515e-004</threshold>
            <left_val>-1.</left_val>
            <right_val>0.9999995231628418</right_val></_></_></trees>
      <stage_threshold>0.9999995231628418</stage_threshold>
      <parent>3</parent>
      <next>-1</next></_>
    <_>
      <trees>
        <_>
          <_>
            <feature>
              <rects>
                <_>
                  1 14 18 4 -1.</_>
                <_>
                  1 14 9 2 2.</_>
                <_>
                  10 16 9 2 2.</_></rects>
              <tilted>0</tilted></feature>
            <threshold>6.6084498539566994e-003</threshold>
            <left_val>-1.</left_val>
            <right_val>0.9999995231628418</right_val></_></_></trees>
      <stage_threshold>0.9999995231628418</stage_threshold>
      <parent>4</parent>
      <next>-1</next></_>
    <_>
      <trees>
        <_>
          <_>
            <feature>
              <rects>
                <_>
                  1 12 7 12 -1.</_>
                <_>
                  1 16 7 4 3.</_></rects>
              <tilted>0</tilted></feature>
            <threshold>0.0170527398586273</threshold>
            <left_val>-1.</left_val>
            <right_val>0.9999995231628418</right_val></_></_></trees>
      <stage_threshold>0.9999995231628418</stage_threshold>
      <parent>5</parent>
      <next>-1</next></_>
    <_>
      <trees>
        <_>
          <_>
            <feature>
              <rects>
                <_>
                  0 0 20 1 -1.</_>
                <_>
                  10 0 10 1 2.</_></rects>
              <tilted>0</tilted></feature>
            <threshold>-6.6015059128403664e-003</threshold>
            <left_val>1.</left_val>
            <right_val>-0.9999995231628418</right_val></_></_></trees>
      <stage_threshold>1.</stage_threshold>
      <parent>6</parent>
      <next>-1</next></_>
    <_>
      <trees>
        <_>
          <_>
            <feature>
              <rects>
                <_>
                  3 4 6 9 -1.</_>
                <_>
                  3 7 6 3 3.</_></rects>
              <tilted>0</tilted></feature>
            <threshold>9.2249987646937370e-003</threshold>
            <left_val>1.</left_val>
            <right_val>-0.9999995231628418</right_val></_></_></trees>
      <stage_threshold>1.</stage_threshold>
      <parent>7</parent>
      <next>-1</next></_>
    <_>
      <trees>
        <_>
          <_>
            <feature>
              <rects>
                <_>
                  6 1 2 15 -1.</_>
                <_>
                  6 6 2 5 3.</_></rects>
              <tilted>0</tilted></feature>
            <threshold>-1.1232589604333043e-003</threshold>
            <left_val>-1.</left_val>
            <right_val>0.7999997138977051</right_val></_></_></trees>
      <stage_threshold>0.7999997138977051</stage_threshold>
      <parent>8</parent>
      <next>-1</next></_>
    <_>
      <trees>
        <_>
          <_>
            <feature>
              <rects>
                <_>
                  0 1 2 4 -1.</_>
                <_>
                  1 1 1 4 2.</_></rects>
              <tilted>0</tilted></feature>
            <threshold>-2.2931650746613741e-003</threshold>
            <left_val>1.</left_val>
            <right_val>-0.7999997138977051</right_val></_></_>
        <_>
          <_>
            <feature>
              <rects>
                <_>
                  15 1 5 2 -1.</_>
                <_>
                  15 1 5 1 2.</_></rects>
              <tilted>1</tilted></feature>
            <threshold>-1.8033890519291162e-003</threshold>
            <left_val>-0.2938115000724793</left_val>
            <right_val>0.4656192064285278</right_val></_></_></trees>
      <stage_threshold>-0.3343803882598877</stage_threshold>
      <parent>9</parent>
      <next>-1</next></_>
    <_>
      <trees>
        <_>
          <_>
            <feature>
              <rects>
                <_>
                  7 6 9 18 -1.</_>
                <_>
                  10 12 3 6 9.</_></rects>
              <tilted>0</tilted></feature>
            <threshold>-0.1358509957790375</threshold>
            <left_val>-1.</left_val>
            <right_val>0.9999995231628418</right_val></_></_></trees>
      <stage_threshold>0.9999995231628418</stage_threshold>
      <parent>10</parent>
      <next>-1</next></_>
    <_>
      <trees>
        <_>
          <_>
            <feature>
              <rects>
                <_>
                  1 21 2 1 -1.</_>
                <_>
                  2 21 1 1 2.</_></rects>
              <tilted>0</tilted></feature>
            <threshold>-3.0638879979960620e-004</threshold>
            <left_val>1.</left_val>
            <right_val>-0.9999995231628418</right_val></_></_></trees>
      <stage_threshold>1.</stage_threshold>
      <parent>11</parent>
      <next>-1</next></_></stages></lion_classifier>
</opencv_storage>
